time_utc,price,side,setup,regime,entry,sl,tp,rr,score,reason,rsi,atr,vol_ratio,ob
2026-05-04T06:05:02.568303+00:00,79950.0,SHORT,breakdown_retest_short,RANGE,79953.4,80029.8,79724.3,3.0,6.4,score_below_7,38.7,25.19,1.04,-0.1758
2026-05-04T06:05:18.964980+00:00,79936.0,SHORT,breakdown_retest_short,RANGE,79953.4,80029.8,79724.3,3.0,6.0,score_below_7,38.7,25.19,1.04,0.3962
2026-05-04T06:05:35.365155+00:00,79938.8,SHORT,breakdown_retest_short,RANGE,79953.4,80029.8,79724.3,3.0,6.4,score_below_7,38.7,25.19,1.04,-0.6737
2026-05-04T06:05:51.709084+00:00,79929.1,SHORT,breakdown_retest_short,RANGE,79953.4,80029.8,79724.3,3.0,6.4,score_below_7,38.7,25.19,1.04,-0.6506
2026-05-04T06:16:14.568182+00:00,79854.5,SHORT,breakdown_retest_short,RANGE,79861.1,79960.5,79562.9,3.0,5.8,score_below_7,31.34,36.06,6.79,-0.8036
2026-05-04T06:16:30.964689+00:00,79812.3,SHORT,breakdown_retest_short,RANGE,79861.1,79960.5,79562.9,3.0,5.8,score_below_7,31.34,36.06,6.79,-0.8778
2026-05-04T06:16:47.363474+00:00,79812.7,SHORT,breakdown_retest_short,RANGE,79861.1,79960.5,79562.9,3.0,5.8,score_below_7,31.34,36.06,6.79,-0.8326
2026-05-04T06:20:04.065863+00:00,79775.9,SHORT,breakdown_retest_short,RANGE,79800.1,79960.7,79318.5,3.0,5.8,score_below_7,29.05,37.58,1.53,-0.6457
2026-05-04T06:20:20.466277+00:00,79762.4,SHORT,breakdown_retest_short,RANGE,79800.1,79960.7,79318.5,3.0,5.4,score_below_7,29.05,37.58,1.53,0.4347
2026-05-04T06:20:36.821189+00:00,79775.0,SHORT,breakdown_retest_short,RANGE,79800.1,79960.7,79318.5,3.0,5.4,score_below_7,29.05,37.58,1.53,0.4161
2026-05-04T06:20:53.167187+00:00,79763.2,SHORT,breakdown_retest_short,RANGE,79800.1,79960.7,79318.5,3.0,5.8,score_below_7,29.05,37.58,1.53,-0.5212
2026-05-04T06:21:09.669294+00:00,79750.1,SHORT,breakdown_retest_short,RANGE,79768.4,79954.5,79209.9,3.0,5.8,score_below_7,26.45,36.3,1.35,-0.9221
2026-05-04T06:21:26.062097+00:00,79746.0,SHORT,breakdown_retest_short,RANGE,79768.4,79954.5,79209.9,3.0,5.8,score_below_7,26.45,36.3,1.35,-0.8566
2026-05-04T06:21:42.468020+00:00,79760.0,SHORT,breakdown_retest_short,RANGE,79768.4,79954.5,79209.9,3.0,5.4,score_below_7,26.45,36.3,1.35,0.02
2026-05-04T06:21:58.871155+00:00,79760.0,SHORT,breakdown_retest_short,RANGE,79768.4,79954.5,79209.9,3.0,5.4,score_below_7,26.45,36.3,1.35,0.3105
